{
  "IcoMoonType": "selection",
  "icons": [
    {
      "icon": {
        "paths": [
          "M896 981.333v-99.541c0-52.821-22.485-103.467-62.507-140.8-39.979-37.333-94.251-58.325-150.827-58.325h-426.667c-56.576 0-110.848 20.992-150.869 58.325-39.979 37.333-62.464 87.979-62.464 140.8v99.541M448 469.333c117.821 0 213.333-95.513 213.333-213.333s-95.513-213.333-213.333-213.333v0c-117.821 0-213.333 95.513-213.333 213.333s95.513 213.333 213.333 213.333v0z"
        ],
        "attrs": [
          {
            "fill": "none",
            "strokeLinejoin": "round",
            "strokeLinecap": "round",
            "strokeMiterlimit": "4",
            "strokeWidth": 85.33333333333333
          }
        ],
        "width": 939,
        "isMulticolor": false,
        "isMulticolor2": false,
        "grid": 0,
        "tags": [
          "icon profile"
        ]
      },
      "attrs": [
        {
          "fill": "none",
          "strokeLinejoin": "round",
          "strokeLinecap": "round",
          "strokeMiterlimit": "4",
          "strokeWidth": 85.33333333333333
        }
      ],
      "properties": {
        "order": 73,
        "id": 3,
        "name": "icon-profile",
        "prevSize": 32
      },
      "setIdx": 0,
      "setId": 2,
      "iconIdx": 0
    },
    {
      "icon": {
        "paths": [
          "M64 371.2l426.667-328.533 426.667 328.533v516.267c0 24.917-9.984 48.768-27.733 66.389-17.204 16.986-40.855 27.477-66.956 27.477-0.041 0-0.081-0-0.122-0l-663.716 0c-25.173 0-49.237-9.899-67.029-27.477-17.136-16.926-27.756-40.416-27.776-66.386l-0-0.004v-516.267z",
          "M341.333 981.333v-469.333h256v469.333"
        ],
        "attrs": [
          {
            "fill": "none",
            "stroke": "rgb(9, 29, 158)",
            "strokeLinejoin": "round",
            "strokeLinecap": "round",
            "strokeMiterlimit": "4",
            "strokeWidth": 85.33333333333333
          },
          {
            "fill": "none",
            "stroke": "rgb(9, 29, 158)",
            "strokeLinejoin": "round",
            "strokeLinecap": "round",
            "strokeMiterlimit": "4",
            "strokeWidth": 85.33333333333333
          }
        ],
        "width": 981,
        "isMulticolor": false,
        "isMulticolor2": false,
        "grid": 0,
        "tags": [
          "icon home"
        ]
      },
      "attrs": [
        {
          "fill": "none",
          "stroke": "rgb(9, 29, 158)",
          "strokeLinejoin": "round",
          "strokeLinecap": "round",
          "strokeMiterlimit": "4",
          "strokeWidth": 85.33333333333333
        },
        {
          "fill": "none",
          "stroke": "rgb(9, 29, 158)",
          "strokeLinejoin": "round",
          "strokeLinecap": "round",
          "strokeMiterlimit": "4",
          "strokeWidth": 85.33333333333333
        }
      ],
      "properties": {
        "order": 74,
        "id": 2,
        "name": "icon-home",
        "prevSize": 32
      },
      "setIdx": 0,
      "setId": 2,
      "iconIdx": 1
    },
    {
      "icon": {
        "paths": [
          "M85.333 0c31.419 0 56.889 25.47 56.889 56.889s-25.47 56.889-56.889 56.889c-31.419 0-56.889-25.47-56.889-56.889s25.47-56.889 56.889-56.889z",
          "M426.667 0h1024c31.419 0 56.889 25.47 56.889 56.889s-25.47 56.889-56.889 56.889h-1024c-31.419 0-56.889-25.47-56.889-56.889s25.47-56.889 56.889-56.889z",
          "M85.333 455.111c31.419 0 56.889 25.47 56.889 56.889s-25.47 56.889-56.889 56.889c-31.419 0-56.889-25.47-56.889-56.889s25.47-56.889 56.889-56.889z",
          "M426.667 455.111h1024c31.419 0 56.889 25.47 56.889 56.889s-25.47 56.889-56.889 56.889h-1024c-31.419 0-56.889-25.47-56.889-56.889s25.47-56.889 56.889-56.889z",
          "M85.333 910.222c31.419 0 56.889 25.47 56.889 56.889s-25.47 56.889-56.889 56.889c-31.419 0-56.889-25.47-56.889-56.889s25.47-56.889 56.889-56.889z",
          "M426.667 910.222h1024c31.419 0 56.889 25.47 56.889 56.889s-25.47 56.889-56.889 56.889h-1024c-31.419 0-56.889-25.47-56.889-56.889s25.47-56.889 56.889-56.889z"
        ],
        "attrs": [
          {},
          {},
          {},
          {},
          {},
          {}
        ],
        "width": 1536,
        "isMulticolor": false,
        "isMulticolor2": false,
        "grid": 0,
        "tags": [
          "icon catalog"
        ]
      },
      "attrs": [
        {},
        {},
        {},
        {},
        {},
        {}
      ],
      "properties": {
        "order": 75,
        "id": 1,
        "name": "icon-catalog",
        "prevSize": 32
      },
      "setIdx": 0,
      "setId": 2,
      "iconIdx": 2
    },
    {
      "icon": {
        "paths": [
          "M422.957 979.478c24.589 0 44.522-19.933 44.522-44.522s-19.933-44.522-44.522-44.522v0c-24.589 0-44.522 19.933-44.522 44.522s19.933 44.522 44.522 44.522v0zM868.174 979.478c24.589 0 44.522-19.933 44.522-44.522s-19.933-44.522-44.522-44.522v0c-24.589 0-44.522 19.933-44.522 44.522s19.933 44.522 44.522 44.522v0zM66.783 44.522h178.087l119.318 635.859c4.051 21.86 15.226 41.539 31.521 55.519 16.25 13.935 36.641 21.37 57.522 20.925h432.751c20.925 0.445 41.272-6.99 57.567-20.925 16.25-13.98 27.425-33.658 31.477-55.519l71.235-398.425h-756.87"
        ],
        "attrs": [
          {
            "fill": "none",
            "strokeLinejoin": "round",
            "strokeLinecap": "round",
            "strokeMiterlimit": "4",
            "strokeWidth": 89.04347826086956
          }
        ],
        "width": 1113,
        "isMulticolor": false,
        "isMulticolor2": false,
        "grid": 0,
        "tags": [
          "icon basket"
        ]
      },
      "attrs": [
        {
          "fill": "none",
          "strokeLinejoin": "round",
          "strokeLinecap": "round",
          "strokeMiterlimit": "4",
          "strokeWidth": 89.04347826086956
        }
      ],
      "properties": {
        "order": 76,
        "id": 0,
        "name": "icon-basket",
        "prevSize": 32
      },
      "setIdx": 0,
      "setId": 2,
      "iconIdx": 3
    }
  ],
  "height": 1024,
  "preferences": {
    "showGlyphs": true,
    "showQuickUse": true,
    "showQuickUse2": true,
    "showSVGs": true,
    "fontPref": {
      "prefix": "icon-",
      "metadata": {
        "fontFamily": "icomoon"
      },
      "metrics": {
        "emSize": 1024,
        "baseline": 6.25,
        "whitespace": 50
      },
      "embed": false
    },
    "imagePref": {
      "prefix": "icon-",
      "png": true,
      "useClassSelector": true,
      "color": 0,
      "bgColor": 16777215,
      "classSelector": ".icon",
      "name": "icomoon"
    },
    "historySize": 50,
    "showCodes": true,
    "gridSize": 16
  }
}